<?xml version="1.0" encoding="UTF-8"?>
<beans xmlns="http://www.springframework.org/schema/beans"
       xmlns:xsi="http://www.w3.org/2001/XMLSchema-instance" xmlns:aop="http://www.springframework.org/schema/aop"
       xmlns:context="http://www.springframework.org/schema/context"
       xmlns:task="http://www.springframework.org/schema/task"
       xsi:schemaLocation="http://www.springframework.org/schema/context http://www.springframework.org/schema/context/spring-context.xsd
     http://www.springframework.org/schema/beans http://www.springframework.org/schema/beans/spring-beans.xsd
     http://www.springframework.org/schema/aop http://www.springframework.org/schema/aop/spring-aop.xsd http://www.springframework.org/schema/task http://www.springframework.org/schema/task/spring-task.xsd">

    <!--applicationContext中只扫描项目中的bean，controller交给dispather-servlet-->
    <context:component-scan base-package="com.xc" annotation-config="true">
        <context:exclude-filter type="annotation" expression="org.springframework.stereotype.Controller"/>
    </context:component-scan>

    <aop:aspectj-autoproxy/>

    <!--新增定时任务schedule-->
    <!--<task:annotation-driven />-->
    <context:component-scan base-package="com.xc.utils.task.stock"/>
    <task:annotation-driven scheduler="myTask" />

    <!-- 3.配置定时任务的线程池 -->
    <task:scheduler id="myTask" pool-size="30"/>

    <import resource="applicationContext-datasource.xml"/>
    <!--<import resource="applicationContext-spring-session.xml"/>-->





</beans>