<?xml version="1.0" encoding="UTF-8"?>
<!DOCTYPE generatorConfiguration
        PUBLIC "-//mybatis.org//DTD MyBatis Generator Configuration 1.0//EN"
        "http://mybatis.org/dtd/mybatis-generator-config_1_0.dtd">
<generatorConfiguration>
    <!--导入属性配置-->
    <properties resource="datasource.properties"></properties>

    <!--指定特定数据库的jdbc驱动jar包的位置-->
    <classPathEntry location="${db.driverLocation}"/>
    <context id="default" targetRuntime="MyBatis3">

<!--        <plugin type="mybatisplugin.SelectConditionPlugin" />-->
        <!-- optional，创建class时，对注释进行控制 -->
        <commentGenerator>
            <property name="suppressDate" value="true"/>
            <property name="suppressAllComments" value="true"/>
        </commentGenerator>



        <!--jdbc的数据库连接 -->
        <jdbcConnection
                driverClass="${db.driverClassName}"
                connectionURL="${db.url}"
                userId="${db.username}"
                password="${db.password}">
        </jdbcConnection>
        <!-- 非必需，类型处理器，在数据库类型和java类型之间的转换控制-->
        <javaTypeResolver>
            <property name="forceBigDecimals" value="false"/>
        </javaTypeResolver>
        <!-- Model模型生成器,用来生成含有主键key的类，记录类 以及查询Example类
            targetPackage     指定生成的model生成所在的包名
            targetProject     指定在该项目下所在的路径
        -->
        <!--<javaModelGenerator targetPackage="com.mmall.pojo" targetProject=".\src\main\java">-->
        <javaModelGenerator targetPackage="com.xc.pojo" targetProject="./src/main/resources">
            <!-- 是否允许子包，即targetPackage.schemaName.tableName -->
            <property name="enableSubPackages" value="false"/>
            <!-- 是否对model添加 构造函数 -->
            <property name="constructorBased" value="true"/>
            <!-- 是否对类CHAR类型的列的数据进行trim操作 -->
            <property name="trimStrings" value="true"/>
            <!-- 建立的Model对象是否 不可改变  即生成的Model对象不会有 setter方法，只有构造方法 -->
            <property name="immutable" value="false"/>
        </javaModelGenerator>

        <!--mapper映射文件生成所在的目录 为每一个数据库的表生成对应的SqlMap文件 -->
        <!--<sqlMapGenerator targetPackage="mappers" targetProject=".\src\main\resources">-->
        <sqlMapGenerator targetPackage="mappers" targetProject="./src/main/resources">
            <property name="enableSubPackages" value="false"/>
        </sqlMapGenerator>
        <!--
                客户端代码，生成易于使用的针对Model对象和XML配置文件 的代码
                type="ANNOTATEDMAPPER",生成Java Model 和基于注解的Mapper对象
                type="MIXEDMAPPER",生成基于注解的Java Model 和相应的Mapper对象
                type="XMLMAPPER",生成SQLMap XML文件和独立的Mapper接口
        -->
        <!-- targetPackage：mapper接口dao生成的位置 -->
        <!--<javaClientGenerator type="XMLMAPPER" targetPackage="com.xc.dao" targetProject=".\src\main\java">-->
        <!-- enableSubPackages:是否让schema作为包的后缀 -->
        <javaClientGenerator type="XMLMAPPER" targetPackage="com.xc.dao" targetProject="./src/main/resources">
            <property name="enableSubPackages" value="false" />
        </javaClientGenerator>



        <!-- mybatis插件的搭建 -->

<!--        <table tableName="newlist" domainObjectName="NewList" enableCountByExample="true"-->
<!--               enableUpdateByExample="true" enableDeleteByExample="true"-->
<!--               enableSelectByExample="true" selectByExampleQueryId="true">-->
<!--            <generatedKey column="newlist_id" sqlStatement="Mysql"/>-->
<!--        </table>-->

        <table tableName="lists" domainObjectName="Lists" enableCountByExample="true"
               enableUpdateByExample="true" enableDeleteByExample="true"
               enableSelectByExample="true" selectByExampleQueryId="true">
            <generatedKey column="lists_id" sqlStatement="Mysql"/>
        </table>

<!--        <table tableName="convert_bond_apply" domainObjectName="ConvertBondApply" enableCountByExample="true"-->
<!--               enableUpdateByExample="true" enableDeleteByExample="true"-->
<!--               enableSelectByExample="true" selectByExampleQueryId="true">-->
<!--        </table>-->

        <!--<table tableName="site_admin" domainObjectName="SiteAdmin" enableCountByExample="false"-->
        <!--enableUpdateByExample="false" enableDeleteByExample="false"-->
        <!--enableSelectByExample="false" selectByExampleQueryId="false">-->
        <!--</table>-->

        <!--<table tableName="site_article" domainObjectName="SiteArticle" enableCountByExample="false"-->
        <!--enableUpdateByExample="false" enableDeleteByExample="false"-->
        <!--enableSelectByExample="false" selectByExampleQueryId="false">-->
        <!--</table>-->

        <!--<table tableName="site_banner" domainObjectName="SiteBanner" enableCountByExample="false"-->
        <!--enableUpdateByExample="false" enableDeleteByExample="false"-->
        <!--enableSelectByExample="false" selectByExampleQueryId="false">-->
        <!--</table>-->

        <!--<table tableName="site_index_setting" domainObjectName="SiteIndexSetting" enableCountByExample="false"-->
        <!--enableUpdateByExample="false" enableDeleteByExample="false"-->
        <!--enableSelectByExample="false" selectByExampleQueryId="false">-->
        <!--</table>-->

        <!--<table tableName="site_login_log" domainObjectName="SiteLoginLog" enableCountByExample="false"-->
        <!--enableUpdateByExample="false" enableDeleteByExample="false"-->
        <!--enableSelectByExample="false" selectByExampleQueryId="false">-->
        <!--</table>-->

        <!--<table tableName="site_setting" domainObjectName="SiteSetting" enableCountByExample="false"-->
        <!--enableUpdateByExample="false" enableDeleteByExample="false"-->
        <!--enableSelectByExample="false" selectByExampleQueryId="false">-->
        <!--</table>-->

        <!--<table tableName="site_sms_log" domainObjectName="SiteSmsLog" enableCountByExample="false"-->
        <!--enableUpdateByExample="false" enableDeleteByExample="false"-->
        <!--enableSelectByExample="false" selectByExampleQueryId="false">-->
        <!--</table>-->

        <!--<table tableName="site_task_log" domainObjectName="SiteTaskLog" enableCountByExample="false"-->
        <!--enableUpdateByExample="false" enableDeleteByExample="false"-->
        <!--enableSelectByExample="false" selectByExampleQueryId="false">-->
        <!--</table>-->

        <!--<table tableName="stock" domainObjectName="Stock" enableCountByExample="false"-->
        <!--enableUpdateByExample="false" enableDeleteByExample="false"-->
        <!--enableSelectByExample="false" selectByExampleQueryId="false">-->
        <!--</table>-->

        <!--<table tableName="stock_index" domainObjectName="StockIndex" enableCountByExample="false"-->
        <!--enableUpdateByExample="false" enableDeleteByExample="false"-->
        <!--enableSelectByExample="false" selectByExampleQueryId="false">-->
        <!--</table>-->

        <!--<table tableName="stock_option" domainObjectName="StockOption" enableCountByExample="false"-->
        <!--enableUpdateByExample="false" enableDeleteByExample="false"-->
        <!--enableSelectByExample="false" selectByExampleQueryId="false">-->
        <!--</table>-->

        <!--<table tableName="user" domainObjectName="User" enableCountByExample="false"-->
        <!--enableUpdateByExample="false" enableDeleteByExample="false"-->
        <!--enableSelectByExample="false" selectByExampleQueryId="false">-->
        <!--</table>-->

        <!--<table tableName="user_bank" domainObjectName="UserBank" enableCountByExample="false"-->
        <!--enableUpdateByExample="false" enableDeleteByExample="false"-->
        <!--enableSelectByExample="false" selectByExampleQueryId="false">-->
        <!--</table>-->

        <!--<table tableName="user_cash_detail" domainObjectName="UserCashDetail" enableCountByExample="false"-->
        <!--enableUpdateByExample="false" enableDeleteByExample="false"-->
        <!--enableSelectByExample="false" selectByExampleQueryId="false">-->
        <!--</table>-->

        <!--<table tableName="user_index_position" domainObjectName="UserIndexPosition" enableCountByExample="false"-->
        <!--enableUpdateByExample="false" enableDeleteByExample="false"-->
        <!--enableSelectByExample="false" selectByExampleQueryId="false">-->
        <!--</table>-->

        <!--<table tableName="user_position" domainObjectName="UserPosition" enableCountByExample="false"-->
        <!--enableUpdateByExample="false" enableDeleteByExample="false"-->
        <!--enableSelectByExample="false" selectByExampleQueryId="false">-->
        <!--</table>-->

        <!--<table tableName="user_recharge" domainObjectName="UserRecharge" enableCountByExample="false"-->
        <!--enableUpdateByExample="false" enableDeleteByExample="false"-->
        <!--enableSelectByExample="false" selectByExampleQueryId="false">-->
        <!--</table>-->

        <!--<table tableName="user_withdraw" domainObjectName="UserWithdraw" enableCountByExample="false"-->
        <!--enableUpdateByExample="false" enableDeleteByExample="false"-->
        <!--enableSelectByExample="false" selectByExampleQueryId="false">-->
        <!--</table>-->

        <!--<table tableName="site_pay" domainObjectName="SitePay" enableCountByExample="false"-->
        <!--enableUpdateByExample="false" enableDeleteByExample="false"-->
        <!--enableSelectByExample="false" selectByExampleQueryId="false">-->
        <!--</table>-->

        <!--<table tableName="site_info" domainObjectName="SiteInfo" enableCountByExample="false"-->
        <!--enableUpdateByExample="false" enableDeleteByExample="false"-->
        <!--enableSelectByExample="false" selectByExampleQueryId="false">-->
        <!--</table>-->




        <!-- 4.0 07-24 新增外盘期货交易-->
        <!--<table tableName="site_futures_setting" domainObjectName="SiteFuturesSetting" enableCountByExample="false"-->
        <!--enableUpdateByExample="false" enableDeleteByExample="false"-->
        <!--enableSelectByExample="false" selectByExampleQueryId="false">-->
        <!--</table>-->
        <!--<table tableName="stock_coin" domainObjectName="StockCoin" enableCountByExample="false"-->
        <!--enableUpdateByExample="false" enableDeleteByExample="false"-->
        <!--enableSelectByExample="false" selectByExampleQueryId="false">-->
        <!--</table>-->
        <!--<table tableName="stock_futures" domainObjectName="StockFutures" enableCountByExample="false"-->
        <!--enableUpdateByExample="false" enableDeleteByExample="false"-->
        <!--enableSelectByExample="false" selectByExampleQueryId="false">-->
        <!--</table>-->
        <!--<table tableName="user_futures_position" domainObjectName="UserFuturesPosition" enableCountByExample="false"-->
        <!--enableUpdateByExample="false" enableDeleteByExample="false"-->
        <!--enableSelectByExample="false" selectByExampleQueryId="false">-->
        <!--</table>-->


        <!--资金互转记录-->
        <!--<table tableName="site_amt_trans_log" domainObjectName="SiteAmtTransLog" enableCountByExample="false"-->
        <!--enableUpdateByExample="false" enableDeleteByExample="false"-->
        <!--enableSelectByExample="false" selectByExampleQueryId="false">-->
        <!--</table>-->

        <!--股票日线行情-->
        <!--<table tableName="stock_markets_day" domainObjectName="StockMarketsDay" enableCountByExample="false"-->
        <!--enableUpdateByExample="false" enableDeleteByExample="false"-->
        <!--enableSelectByExample="false" selectByExampleQueryId="false">-->
        <!--</table>-->


        <!--产品设置表-->
        <!--<table tableName="site_product" domainObjectName="SiteProduct" enableCountByExample="false"-->
        <!--enableUpdateByExample="false" enableDeleteByExample="false"-->
        <!--enableSelectByExample="false" selectByExampleQueryId="false">-->
        <!--</table>-->

        <!--产品设置表-->
        <!--<table tableName="site_message" domainObjectName="SiteMessage" enableCountByExample="false"
        enableUpdateByExample="false" enableDeleteByExample="false"
        enableSelectByExample="false" selectByExampleQueryId="false">
        </table>-->


    </context>
</generatorConfiguration>