<?xml version="1.0" encoding="UTF-8"?>
<configuration scan="true" scanPeriod="60 seconds" debug="true">

    <!--配置 CATALINA_HOME -->
    <!--vi /etc/profile-->
    <!--export CATALINA_HOME=/xiongcan/tomcat1-->
    <!--source /etc/profile-->

    <property name="project_name" value="stock2c1"></property>
    <property name="LOG_HOME" value="${CATALINA_HOME}/logs"></property>

    <appender name="console" class="ch.qos.logback.core.ConsoleAppender">
        <encoding>UTF-8</encoding>
        <encoder>
            <pattern>[%d{HH:mm:ss.SSS}][%p][%c{40}][%t] %m%n</pattern>
        </encoder>
        <filter class="ch.qos.logback.classic.filter.ThresholdFilter">
            <level>DEBUG</level>
        </filter>
    </appender>

    <appender name="xc" class="ch.qos.logback.core.rolling.RollingFileAppender">
        <File>${LOG_HOME}/${project_name}/${project_name}.log</File>
        <rollingPolicy class="ch.qos.logback.core.rolling.TimeBasedRollingPolicy">
            <fileNamePattern>${LOG_HOME}/${project_name}/${project_name}.log.%d{yyyy-MM-dd}.gz</fileNamePattern>
            <append>true</append>
            <maxHistory>10</maxHistory>
        </rollingPolicy>
        <encoder>
            <pattern>[%d{HH:mm:ss.SSS}][%p][%c{40}][%t] %m%n</pattern>
        </encoder>
    </appender>

    <appender name="error" class="ch.qos.logback.core.rolling.RollingFileAppender">
        <!--<File>d:/freemarkerlog/error.log</File>-->
        <File>${LOG_HOME}/${project_name}/${project_name}_error.log</File>
        <rollingPolicy class="ch.qos.logback.core.rolling.TimeBasedRollingPolicy">
            <fileNamePattern>${LOG_HOME}/${project_name}/${project_name}_error.log.%d{yyyy-MM-dd}.gz</fileNamePattern>
            <!--<fileNamePattern>d:/freemarkerlog/error.log.%d{yyyy-MM-dd}.gz</fileNamePattern>-->
            <append>true</append>
            <maxHistory>10</maxHistory>
        </rollingPolicy>
        <encoder>
            <pattern>[%d{HH:mm:ss.SSS}][%p][%c{40}][%t] %m%n</pattern>
        </encoder>
        <filter class="ch.qos.logback.classic.filter.LevelFilter">
            <level>ERROR</level>
            <onMatch>ACCEPT</onMatch>
            <onMismatch>DENY</onMismatch>
        </filter>
    </appender>

    <logger name="com.xc" additivity="false" level="INFO" >
        <appender-ref ref="xc" />
        <appender-ref ref="console"/>
        <appender-ref ref="error" />
    </logger>

    <!-- geelynote mybatis log 日志 -->
    <!--<logger name="com.xc.dao" level="DEBUG"/>-->


    <!--<logger name="com.ibatis.sqlmap.engine.impl.SqlMapClientDelegate" level="DEBUG" >-->
        <!--<appender-ref ref="console"/>-->
    <!--</logger>-->
    <!--<logger name="java.sql.Connection" level="DEBUG">-->
        <!--<appender-ref ref="console"/>-->
    <!--</logger>-->
    <!--<logger name="java.sql.Statement" level="DEBUG">-->
        <!--<appender-ref ref="console"/>-->
    <!--</logger>-->
    <!--<logger name="java.sql.PreparedStatement" level="DEBUG">-->
        <!--<appender-ref ref="console"/>-->
    <!--</logger>-->

    <!--这里设置成DEBUG显示日志-->
    <root level="INFO">
        <appender-ref ref="console"/>
        <appender-ref ref="error"/>
    </root>


</configuration>




