<?xml version="1.0" encoding="UTF-8" ?>
<!DOCTYPE mapper PUBLIC "-//mybatis.org//DTD Mapper 3.0//EN" "http://mybatis.org/dtd/mybatis-3-mapper.dtd" >
<mapper namespace="com.xc.dao.CountryMapper" >
  <resultMap id="BaseResultMap" type="com.xc.pojo.Country" >
    <constructor >
      <idArg column="zh_name" jdbcType="VARCHAR" javaType="java.lang.String" />
      <arg column="area_code" jdbcType="VARCHAR" javaType="java.lang.String" />
      <arg column="en_name" jdbcType="VARCHAR" javaType="java.lang.String" />
      <arg column="language" jdbcType="VARCHAR" javaType="java.lang.String" />
      <arg column="local_currency" jdbcType="VARCHAR" javaType="java.lang.String" />
      <arg column="sort" jdbcType="INTEGER" javaType="java.lang.Integer" />
    </constructor>
  </resultMap>
  <sql id="Example_Where_Clause" >
    <where >
      <foreach collection="oredCriteria" item="criteria" separator="or" >
        <if test="criteria.valid" >
          <trim prefix="(" suffix=")" prefixOverrides="and" >
            <foreach collection="criteria.criteria" item="criterion" >
              <choose >
                <when test="criterion.noValue" >
                  and ${criterion.condition}
                </when>
                <when test="criterion.singleValue" >
                  and ${criterion.condition} #{criterion.value}
                </when>
                <when test="criterion.betweenValue" >
                  and ${criterion.condition} #{criterion.value} and #{criterion.secondValue}
                </when>
                <when test="criterion.listValue" >
                  and ${criterion.condition}
                  <foreach collection="criterion.value" item="listItem" open="(" close=")" separator="," >
                    #{listItem}
                  </foreach>
                </when>
              </choose>
            </foreach>
          </trim>
        </if>
      </foreach>
    </where>
  </sql>
  <sql id="Update_By_Example_Where_Clause" >
    <where >
      <foreach collection="example.oredCriteria" item="criteria" separator="or" >
        <if test="criteria.valid" >
          <trim prefix="(" suffix=")" prefixOverrides="and" >
            <foreach collection="criteria.criteria" item="criterion" >
              <choose >
                <when test="criterion.noValue" >
                  and ${criterion.condition}
                </when>
                <when test="criterion.singleValue" >
                  and ${criterion.condition} #{criterion.value}
                </when>
                <when test="criterion.betweenValue" >
                  and ${criterion.condition} #{criterion.value} and #{criterion.secondValue}
                </when>
                <when test="criterion.listValue" >
                  and ${criterion.condition}
                  <foreach collection="criterion.value" item="listItem" open="(" close=")" separator="," >
                    #{listItem}
                  </foreach>
                </when>
              </choose>
            </foreach>
          </trim>
        </if>
      </foreach>
    </where>
  </sql>
  <sql id="Base_Column_List" >
    zh_name, area_code, en_name, language, local_currency, sort
  </sql>
  <select id="selectByExample" resultMap="BaseResultMap" parameterType="com.xc.pojo.CountryExample" >
    select
    <if test="distinct" >
      distinct
    </if>
    'true' as QUERYID,
    <include refid="Base_Column_List" />
    from country
    <if test="_parameter != null" >
      <include refid="Example_Where_Clause" />
    </if>
    <if test="orderByClause != null" >
      order by ${orderByClause}
    </if>
  </select>
  <select id="selectByPrimaryKey" resultMap="BaseResultMap" parameterType="java.lang.String" >
    select 
    <include refid="Base_Column_List" />
    from country
    where zh_name = #{zhName,jdbcType=VARCHAR}
  </select>
  <delete id="deleteByPrimaryKey" parameterType="java.lang.String" >
    delete from country
    where zh_name = #{zhName,jdbcType=VARCHAR}
  </delete>
  <delete id="deleteByExample" parameterType="com.xc.pojo.CountryExample" >
    delete from country
    <if test="_parameter != null" >
      <include refid="Example_Where_Clause" />
    </if>
  </delete>
  <insert id="insert" parameterType="com.xc.pojo.Country" >
    insert into country (zh_name, area_code, en_name, 
      language, local_currency, sort
      )
    values (#{zhName,jdbcType=VARCHAR}, #{areaCode,jdbcType=VARCHAR}, #{enName,jdbcType=VARCHAR}, 
      #{language,jdbcType=VARCHAR}, #{localCurrency,jdbcType=VARCHAR}, #{sort,jdbcType=INTEGER}
      )
  </insert>
  <insert id="insertSelective" parameterType="com.xc.pojo.Country" >
    insert into country
    <trim prefix="(" suffix=")" suffixOverrides="," >
      <if test="zhName != null" >
        zh_name,
      </if>
      <if test="areaCode != null" >
        area_code,
      </if>
      <if test="enName != null" >
        en_name,
      </if>
      <if test="language != null" >
        language,
      </if>
      <if test="localCurrency != null" >
        local_currency,
      </if>
      <if test="sort != null" >
        sort,
      </if>
    </trim>
    <trim prefix="values (" suffix=")" suffixOverrides="," >
      <if test="zhName != null" >
        #{zhName,jdbcType=VARCHAR},
      </if>
      <if test="areaCode != null" >
        #{areaCode,jdbcType=VARCHAR},
      </if>
      <if test="enName != null" >
        #{enName,jdbcType=VARCHAR},
      </if>
      <if test="language != null" >
        #{language,jdbcType=VARCHAR},
      </if>
      <if test="localCurrency != null" >
        #{localCurrency,jdbcType=VARCHAR},
      </if>
      <if test="sort != null" >
        #{sort,jdbcType=INTEGER},
      </if>
    </trim>
  </insert>
  <select id="countByExample" parameterType="com.xc.pojo.CountryExample" resultType="java.lang.Integer" >
    select count(*) from country
    <if test="_parameter != null" >
      <include refid="Example_Where_Clause" />
    </if>
  </select>
  <update id="updateByExampleSelective" parameterType="map" >
    update country
    <set >
      <if test="record.zhName != null" >
        zh_name = #{record.zhName,jdbcType=VARCHAR},
      </if>
      <if test="record.areaCode != null" >
        area_code = #{record.areaCode,jdbcType=VARCHAR},
      </if>
      <if test="record.enName != null" >
        en_name = #{record.enName,jdbcType=VARCHAR},
      </if>
      <if test="record.language != null" >
        language = #{record.language,jdbcType=VARCHAR},
      </if>
      <if test="record.localCurrency != null" >
        local_currency = #{record.localCurrency,jdbcType=VARCHAR},
      </if>
      <if test="record.sort != null" >
        sort = #{record.sort,jdbcType=INTEGER},
      </if>
    </set>
    <if test="_parameter != null" >
      <include refid="Update_By_Example_Where_Clause" />
    </if>
  </update>
  <update id="updateByExample" parameterType="map" >
    update country
    set zh_name = #{record.zhName,jdbcType=VARCHAR},
      area_code = #{record.areaCode,jdbcType=VARCHAR},
      en_name = #{record.enName,jdbcType=VARCHAR},
      language = #{record.language,jdbcType=VARCHAR},
      local_currency = #{record.localCurrency,jdbcType=VARCHAR},
      sort = #{record.sort,jdbcType=INTEGER}
    <if test="_parameter != null" >
      <include refid="Update_By_Example_Where_Clause" />
    </if>
  </update>
  <update id="updateByPrimaryKeySelective" parameterType="com.xc.pojo.Country" >
    update country
    <set >
      <if test="areaCode != null" >
        area_code = #{areaCode,jdbcType=VARCHAR},
      </if>
      <if test="enName != null" >
        en_name = #{enName,jdbcType=VARCHAR},
      </if>
      <if test="language != null" >
        language = #{language,jdbcType=VARCHAR},
      </if>
      <if test="localCurrency != null" >
        local_currency = #{localCurrency,jdbcType=VARCHAR},
      </if>
      <if test="sort != null" >
        sort = #{sort,jdbcType=INTEGER},
      </if>
    </set>
    where zh_name = #{zhName,jdbcType=VARCHAR}
  </update>
  <update id="updateByPrimaryKey" parameterType="com.xc.pojo.Country" >
    update country
    set area_code = #{areaCode,jdbcType=VARCHAR},
      en_name = #{enName,jdbcType=VARCHAR},
      language = #{language,jdbcType=VARCHAR},
      local_currency = #{localCurrency,jdbcType=VARCHAR},
      sort = #{sort,jdbcType=INTEGER}
    where zh_name = #{zhName,jdbcType=VARCHAR}
  </update>
</mapper>