<?xml version="1.0" encoding="UTF-8" ?>
<!DOCTYPE mapper PUBLIC "-//mybatis.org//DTD Mapper 3.0//EN" "http://mybatis.org/dtd/mybatis-3-mapper.dtd" >
<mapper namespace="com.xc.dao.NewListMapper" >
  <resultMap id="BaseResultMap" type="com.xc.pojo.NewList" >
    <constructor >
      <idArg column="newlist_id" jdbcType="INTEGER" javaType="java.lang.Integer" />
      <arg column="names" jdbcType="VARCHAR" javaType="java.lang.String" />
      <arg column="code" jdbcType="VARCHAR" javaType="java.lang.String" />
      <arg column="price" jdbcType="VARCHAR" javaType="java.lang.String" />
      <arg column="zt" jdbcType="TINYINT" javaType="java.lang.Byte" />
      <arg column="pe" jdbcType="VARCHAR" javaType="java.lang.String" />
      <arg column="issue_date" jdbcType="TIMESTAMP" javaType="java.util.Date" />
      <arg column="list_date" jdbcType="TIMESTAMP" javaType="java.util.Date" />
      <arg column="win_date" jdbcType="TIMESTAMP" javaType="java.util.Date" />
    </constructor>
  </resultMap>
  <sql id="Example_Where_Clause" >
    <where >
      <foreach collection="oredCriteria" item="criteria" separator="or" >
        <if test="criteria.valid" >
          <trim prefix="(" suffix=")" prefixOverrides="and" >
            <foreach collection="criteria.criteria" item="criterion" >
              <choose >
                <when test="criterion.noValue" >
                  and ${criterion.condition}
                </when>
                <when test="criterion.singleValue" >
                  and ${criterion.condition} #{criterion.value}
                </when>
                <when test="criterion.betweenValue" >
                  and ${criterion.condition} #{criterion.value} and #{criterion.secondValue}
                </when>
                <when test="criterion.listValue" >
                  and ${criterion.condition}
                  <foreach collection="criterion.value" item="listItem" open="(" close=")" separator="," >
                    #{listItem}
                  </foreach>
                </when>
              </choose>
            </foreach>
          </trim>
        </if>
      </foreach>
    </where>
  </sql>
  <sql id="Update_By_Example_Where_Clause" >
    <where >
      <foreach collection="example.oredCriteria" item="criteria" separator="or" >
        <if test="criteria.valid" >
          <trim prefix="(" suffix=")" prefixOverrides="and" >
            <foreach collection="criteria.criteria" item="criterion" >
              <choose >
                <when test="criterion.noValue" >
                  and ${criterion.condition}
                </when>
                <when test="criterion.singleValue" >
                  and ${criterion.condition} #{criterion.value}
                </when>
                <when test="criterion.betweenValue" >
                  and ${criterion.condition} #{criterion.value} and #{criterion.secondValue}
                </when>
                <when test="criterion.listValue" >
                  and ${criterion.condition}
                  <foreach collection="criterion.value" item="listItem" open="(" close=")" separator="," >
                    #{listItem}
                  </foreach>
                </when>
              </choose>
            </foreach>
          </trim>
        </if>
      </foreach>
    </where>
  </sql>
  <sql id="Base_Column_List" >
    newlist_id, names, code, price, zt, pe, issue_date, list_date, win_date
  </sql>
  <select id="selectByExample" resultMap="BaseResultMap" parameterType="com.xc.pojo.NewListExample" >
    select
    <if test="distinct" >
      distinct
    </if>
    'true' as QUERYID,
    <include refid="Base_Column_List" />
    from newlist
    <if test="_parameter != null" >
      <include refid="Example_Where_Clause" />
    </if>
    <if test="orderByClause != null" >
      order by ${orderByClause}
    </if>
  </select>
  <select id="selectByPrimaryKey" resultMap="BaseResultMap" parameterType="java.lang.Integer" >
    select 
    <include refid="Base_Column_List" />
    from newlist
    where newlist_id = #{newlistId,jdbcType=INTEGER}
  </select>
  <delete id="deleteByPrimaryKey" parameterType="java.lang.Integer" >
    delete from newlist
    where newlist_id = #{newlistId,jdbcType=INTEGER}
  </delete>
  <delete id="deleteByExample" parameterType="com.xc.pojo.NewListExample" >
    delete from newlist
    <if test="_parameter != null" >
      <include refid="Example_Where_Clause" />
    </if>
  </delete>
  <insert id="insert" parameterType="com.xc.pojo.NewList" >
    <selectKey resultType="java.lang.Integer" keyProperty="newlistId" order="AFTER" >
      SELECT LAST_INSERT_ID()
    </selectKey>
    insert into newlist (newlist_id, names, code, 
      price, zt, pe, issue_date, 
      list_date, win_date)
    values (#{newlistId,jdbcType=INTEGER}, #{names,jdbcType=VARCHAR}, #{code,jdbcType=VARCHAR}, 
      #{price,jdbcType=VARCHAR}, #{zt,jdbcType=TINYINT}, #{pe,jdbcType=VARCHAR}, #{issueDate,jdbcType=TIMESTAMP}, 
      #{listDate,jdbcType=TIMESTAMP}, #{winDate,jdbcType=TIMESTAMP})
  </insert>
  <insert id="insertSelective" parameterType="com.xc.pojo.NewList" >
    <selectKey resultType="java.lang.Integer" keyProperty="newlistId" order="AFTER" >
      SELECT LAST_INSERT_ID()
    </selectKey>
    insert into newlist
    <trim prefix="(" suffix=")" suffixOverrides="," >
      newlist_id,
      <if test="names != null" >
        names,
      </if>
      <if test="code != null" >
        code,
      </if>
      <if test="price != null" >
        price,
      </if>
      <if test="zt != null" >
        zt,
      </if>
      <if test="pe != null" >
        pe,
      </if>
      <if test="issueDate != null" >
        issue_date,
      </if>
      <if test="listDate != null" >
        list_date,
      </if>
      <if test="winDate != null" >
        win_date,
      </if>
    </trim>
    <trim prefix="values (" suffix=")" suffixOverrides="," >
      #{newlistId,jdbcType=INTEGER},
      <if test="names != null" >
        #{names,jdbcType=VARCHAR},
      </if>
      <if test="code != null" >
        #{code,jdbcType=VARCHAR},
      </if>
      <if test="price != null" >
        #{price,jdbcType=VARCHAR},
      </if>
      <if test="zt != null" >
        #{zt,jdbcType=TINYINT},
      </if>
      <if test="pe != null" >
        #{pe,jdbcType=VARCHAR},
      </if>
      <if test="issueDate != null" >
        #{issueDate,jdbcType=TIMESTAMP},
      </if>
      <if test="listDate != null" >
        #{listDate,jdbcType=TIMESTAMP},
      </if>
      <if test="winDate != null" >
        #{winDate,jdbcType=TIMESTAMP},
      </if>
    </trim>
  </insert>
  <select id="countByExample" parameterType="com.xc.pojo.NewListExample" resultType="java.lang.Integer" >
    select count(*) from newlist
    <if test="_parameter != null" >
      <include refid="Example_Where_Clause" />
    </if>
  </select>
  <update id="updateByExampleSelective" parameterType="map" >
    update newlist
    <set >
      <if test="record.newlistId != null" >
        newlist_id = #{record.newlistId,jdbcType=INTEGER},
      </if>
      <if test="record.names != null" >
        names = #{record.names,jdbcType=VARCHAR},
      </if>
      <if test="record.code != null" >
        code = #{record.code,jdbcType=VARCHAR},
      </if>
      <if test="record.price != null" >
        price = #{record.price,jdbcType=VARCHAR},
      </if>
      <if test="record.zt != null" >
        zt = #{record.zt,jdbcType=TINYINT},
      </if>
      <if test="record.pe != null" >
        pe = #{record.pe,jdbcType=VARCHAR},
      </if>
      <if test="record.issueDate != null" >
        issue_date = #{record.issueDate,jdbcType=TIMESTAMP},
      </if>
      <if test="record.listDate != null" >
        list_date = #{record.listDate,jdbcType=TIMESTAMP},
      </if>
      <if test="record.winDate != null" >
        win_date = #{record.winDate,jdbcType=TIMESTAMP},
      </if>
    </set>
    <if test="_parameter != null" >
      <include refid="Update_By_Example_Where_Clause" />
    </if>
  </update>
  <update id="updateByExample" parameterType="map" >
    update newlist
    set newlist_id = #{record.newlistId,jdbcType=INTEGER},
      names = #{record.names,jdbcType=VARCHAR},
      code = #{record.code,jdbcType=VARCHAR},
      price = #{record.price,jdbcType=VARCHAR},
      zt = #{record.zt,jdbcType=TINYINT},
      pe = #{record.pe,jdbcType=VARCHAR},
      issue_date = #{record.issueDate,jdbcType=TIMESTAMP},
      list_date = #{record.listDate,jdbcType=TIMESTAMP},
      win_date = #{record.winDate,jdbcType=TIMESTAMP}
    <if test="_parameter != null" >
      <include refid="Update_By_Example_Where_Clause" />
    </if>
  </update>
  <update id="updateByPrimaryKeySelective" parameterType="com.xc.pojo.NewList" >
    update newlist
    <set >
      <if test="names != null" >
        names = #{names,jdbcType=VARCHAR},
      </if>
      <if test="code != null" >
        code = #{code,jdbcType=VARCHAR},
      </if>
      <if test="price != null" >
        price = #{price,jdbcType=VARCHAR},
      </if>
      <if test="zt != null" >
        zt = #{zt,jdbcType=TINYINT},
      </if>
      <if test="pe != null" >
        pe = #{pe,jdbcType=VARCHAR},
      </if>
      <if test="issueDate != null" >
        issue_date = #{issueDate,jdbcType=TIMESTAMP},
      </if>
      <if test="listDate != null" >
        list_date = #{listDate,jdbcType=TIMESTAMP},
      </if>
      <if test="winDate != null" >
        win_date = #{winDate,jdbcType=TIMESTAMP},
      </if>
    </set>
    where newlist_id = #{newlistId,jdbcType=INTEGER}
  </update>
  <update id="updateByPrimaryKey" parameterType="com.xc.pojo.NewList" >
    update newlist
    set names = #{names,jdbcType=VARCHAR},
      code = #{code,jdbcType=VARCHAR},
      price = #{price,jdbcType=VARCHAR},
      zt = #{zt,jdbcType=TINYINT},
      pe = #{pe,jdbcType=VARCHAR},
      issue_date = #{issueDate,jdbcType=TIMESTAMP},
      list_date = #{listDate,jdbcType=TIMESTAMP},
      win_date = #{winDate,jdbcType=TIMESTAMP}
    where newlist_id = #{newlistId,jdbcType=INTEGER}
  </update>
</mapper>