<?xml version="1.0" encoding="UTF-8" ?>
<!DOCTYPE mapper PUBLIC "-//mybatis.org//DTD Mapper 3.0//EN" "http://mybatis.org/dtd/mybatis-3-mapper.dtd" >
<mapper namespace="com.xc.dao.SiteSmsLogMapper" >
  <resultMap id="BaseResultMap" type="com.xc.pojo.SiteSmsLog" >
    <constructor >
      <idArg column="id" jdbcType="INTEGER" javaType="java.lang.Integer" />
      <arg column="sms_phone" jdbcType="VARCHAR" javaType="java.lang.String" />
      <arg column="sms_title" jdbcType="VARCHAR" javaType="java.lang.String" />
      <arg column="sms_cnt" jdbcType="VARCHAR" javaType="java.lang.String" />
      <arg column="sms_template" jdbcType="VARCHAR" javaType="java.lang.String" />
      <arg column="sms_status" jdbcType="INTEGER" javaType="java.lang.Integer" />
      <arg column="add_time" jdbcType="TIMESTAMP" javaType="java.util.Date" />
    </constructor>
  </resultMap>
  <sql id="Base_Column_List" >
    id, sms_phone, sms_title, sms_cnt, sms_template, sms_status, add_time
  </sql>
  <select id="selectByPrimaryKey" resultMap="BaseResultMap" parameterType="java.lang.Integer" >
    select 
    <include refid="Base_Column_List" />
    from site_sms_log
    where id = #{id,jdbcType=INTEGER}
  </select>
  <delete id="deleteByPrimaryKey" parameterType="java.lang.Integer" >
    delete from site_sms_log
    where id = #{id,jdbcType=INTEGER}
  </delete>
  <insert id="insert" parameterType="com.xc.pojo.SiteSmsLog" >
    insert into site_sms_log (id, sms_phone, sms_title, 
      sms_cnt, sms_template, sms_status, 
      add_time)
    values (#{id,jdbcType=INTEGER}, #{smsPhone,jdbcType=VARCHAR}, #{smsTitle,jdbcType=VARCHAR}, 
      #{smsCnt,jdbcType=VARCHAR}, #{smsTemplate,jdbcType=VARCHAR}, #{smsStatus,jdbcType=INTEGER}, 
      #{addTime,jdbcType=TIMESTAMP})
  </insert>
  <insert id="insertSelective" parameterType="com.xc.pojo.SiteSmsLog" >
    insert into site_sms_log
    <trim prefix="(" suffix=")" suffixOverrides="," >
      <if test="id != null" >
        id,
      </if>
      <if test="smsPhone != null" >
        sms_phone,
      </if>
      <if test="smsTitle != null" >
        sms_title,
      </if>
      <if test="smsCnt != null" >
        sms_cnt,
      </if>
      <if test="smsTemplate != null" >
        sms_template,
      </if>
      <if test="smsStatus != null" >
        sms_status,
      </if>
      <if test="addTime != null" >
        add_time,
      </if>
    </trim>
    <trim prefix="values (" suffix=")" suffixOverrides="," >
      <if test="id != null" >
        #{id,jdbcType=INTEGER},
      </if>
      <if test="smsPhone != null" >
        #{smsPhone,jdbcType=VARCHAR},
      </if>
      <if test="smsTitle != null" >
        #{smsTitle,jdbcType=VARCHAR},
      </if>
      <if test="smsCnt != null" >
        #{smsCnt,jdbcType=VARCHAR},
      </if>
      <if test="smsTemplate != null" >
        #{smsTemplate,jdbcType=VARCHAR},
      </if>
      <if test="smsStatus != null" >
        #{smsStatus,jdbcType=INTEGER},
      </if>
      <if test="addTime != null" >
        #{addTime,jdbcType=TIMESTAMP},
      </if>
    </trim>
  </insert>
  <update id="updateByPrimaryKeySelective" parameterType="com.xc.pojo.SiteSmsLog" >
    update site_sms_log
    <set >
      <if test="smsPhone != null" >
        sms_phone = #{smsPhone,jdbcType=VARCHAR},
      </if>
      <if test="smsTitle != null" >
        sms_title = #{smsTitle,jdbcType=VARCHAR},
      </if>
      <if test="smsCnt != null" >
        sms_cnt = #{smsCnt,jdbcType=VARCHAR},
      </if>
      <if test="smsTemplate != null" >
        sms_template = #{smsTemplate,jdbcType=VARCHAR},
      </if>
      <if test="smsStatus != null" >
        sms_status = #{smsStatus,jdbcType=INTEGER},
      </if>
      <if test="addTime != null" >
        add_time = #{addTime,jdbcType=TIMESTAMP},
      </if>
    </set>
    where id = #{id,jdbcType=INTEGER}
  </update>
  <update id="updateByPrimaryKey" parameterType="com.xc.pojo.SiteSmsLog" >
    update site_sms_log
    set sms_phone = #{smsPhone,jdbcType=VARCHAR},
      sms_title = #{smsTitle,jdbcType=VARCHAR},
      sms_cnt = #{smsCnt,jdbcType=VARCHAR},
      sms_template = #{smsTemplate,jdbcType=VARCHAR},
      sms_status = #{smsStatus,jdbcType=INTEGER},
      add_time = #{addTime,jdbcType=TIMESTAMP}
    where id = #{id,jdbcType=INTEGER}
  </update>





  <select id="smsList" resultMap="BaseResultMap" parameterType="string">
    SELECT
    <include refid="Base_Column_List"/>
    FROM site_sms_log
    <where>
      <if test="phoneNum != null and phoneNum != '' ">
        and sms_phone like CONCAT('%','${phoneNum}','%')
      </if>
    </where>
    order by id desc
  </select>


</mapper>