<?xml version="1.0" encoding="UTF-8" ?>
<!DOCTYPE mapper PUBLIC "-//mybatis.org//DTD Mapper 3.0//EN" "http://mybatis.org/dtd/mybatis-3-mapper.dtd" >
<mapper namespace="com.xc.dao.SiteAmtTransLogMapper" >
  <resultMap id="BaseResultMap" type="com.xc.pojo.SiteAmtTransLog" >
    <constructor >
      <idArg column="id" jdbcType="INTEGER" javaType="java.lang.Integer" />
      <arg column="user_id" jdbcType="INTEGER" javaType="java.lang.Integer" />
      <arg column="real_name" jdbcType="VARCHAR" javaType="java.lang.String" />
      <arg column="agent_id" jdbcType="INTEGER" javaType="java.lang.Integer" />
      <arg column="amt_from" jdbcType="VARCHAR" javaType="java.lang.String" />
      <arg column="amt_to" jdbcType="VARCHAR" javaType="java.lang.String" />
      <arg column="trans_amt" jdbcType="DECIMAL" javaType="java.math.BigDecimal" />
      <arg column="add_time" jdbcType="TIMESTAMP" javaType="java.util.Date" />
      <arg column="t_desc" jdbcType="VARCHAR" javaType="java.lang.String" />
    </constructor>
  </resultMap>
  <sql id="Base_Column_List" >
    id, user_id, real_name, agent_id, amt_from, amt_to, trans_amt, add_time, t_desc
  </sql>
  <select id="selectByPrimaryKey" resultMap="BaseResultMap" parameterType="java.lang.Integer" >
    select 
    <include refid="Base_Column_List" />
    from site_amt_trans_log
    where id = #{id,jdbcType=INTEGER}
  </select>
  <delete id="deleteByPrimaryKey" parameterType="java.lang.Integer" >
    delete from site_amt_trans_log
    where id = #{id,jdbcType=INTEGER}
  </delete>
  <insert id="insert" parameterType="com.xc.pojo.SiteAmtTransLog" >
    insert into site_amt_trans_log (id, user_id, real_name, 
      agent_id, amt_from, amt_to, 
      trans_amt, add_time, t_desc
      )
    values (#{id,jdbcType=INTEGER}, #{userId,jdbcType=INTEGER}, #{realName,jdbcType=VARCHAR}, 
      #{agentId,jdbcType=INTEGER}, #{amtFrom,jdbcType=VARCHAR}, #{amtTo,jdbcType=VARCHAR}, 
      #{transAmt,jdbcType=DECIMAL}, #{addTime,jdbcType=TIMESTAMP}, #{tDesc,jdbcType=VARCHAR}
      )
  </insert>
  <insert id="insertSelective" parameterType="com.xc.pojo.SiteAmtTransLog" >
    insert into site_amt_trans_log
    <trim prefix="(" suffix=")" suffixOverrides="," >
      <if test="id != null" >
        id,
      </if>
      <if test="userId != null" >
        user_id,
      </if>
      <if test="realName != null" >
        real_name,
      </if>
      <if test="agentId != null" >
        agent_id,
      </if>
      <if test="amtFrom != null" >
        amt_from,
      </if>
      <if test="amtTo != null" >
        amt_to,
      </if>
      <if test="transAmt != null" >
        trans_amt,
      </if>
      <if test="addTime != null" >
        add_time,
      </if>
      <if test="tDesc != null" >
        t_desc,
      </if>
    </trim>
    <trim prefix="values (" suffix=")" suffixOverrides="," >
      <if test="id != null" >
        #{id,jdbcType=INTEGER},
      </if>
      <if test="userId != null" >
        #{userId,jdbcType=INTEGER},
      </if>
      <if test="realName != null" >
        #{realName,jdbcType=VARCHAR},
      </if>
      <if test="agentId != null" >
        #{agentId,jdbcType=INTEGER},
      </if>
      <if test="amtFrom != null" >
        #{amtFrom,jdbcType=VARCHAR},
      </if>
      <if test="amtTo != null" >
        #{amtTo,jdbcType=VARCHAR},
      </if>
      <if test="transAmt != null" >
        #{transAmt,jdbcType=DECIMAL},
      </if>
      <if test="addTime != null" >
        #{addTime,jdbcType=TIMESTAMP},
      </if>
      <if test="tDesc != null" >
        #{tDesc,jdbcType=VARCHAR},
      </if>
    </trim>
  </insert>
  <update id="updateByPrimaryKeySelective" parameterType="com.xc.pojo.SiteAmtTransLog" >
    update site_amt_trans_log
    <set >
      <if test="userId != null" >
        user_id = #{userId,jdbcType=INTEGER},
      </if>
      <if test="realName != null" >
        real_name = #{realName,jdbcType=VARCHAR},
      </if>
      <if test="agentId != null" >
        agent_id = #{agentId,jdbcType=INTEGER},
      </if>
      <if test="amtFrom != null" >
        amt_from = #{amtFrom,jdbcType=VARCHAR},
      </if>
      <if test="amtTo != null" >
        amt_to = #{amtTo,jdbcType=VARCHAR},
      </if>
      <if test="transAmt != null" >
        trans_amt = #{transAmt,jdbcType=DECIMAL},
      </if>
      <if test="addTime != null" >
        add_time = #{addTime,jdbcType=TIMESTAMP},
      </if>
      <if test="tDesc != null" >
        t_desc = #{tDesc,jdbcType=VARCHAR},
      </if>
    </set>
    where id = #{id,jdbcType=INTEGER}
  </update>
  <update id="updateByPrimaryKey" parameterType="com.xc.pojo.SiteAmtTransLog" >
    update site_amt_trans_log
    set user_id = #{userId,jdbcType=INTEGER},
      real_name = #{realName,jdbcType=VARCHAR},
      agent_id = #{agentId,jdbcType=INTEGER},
      amt_from = #{amtFrom,jdbcType=VARCHAR},
      amt_to = #{amtTo,jdbcType=VARCHAR},
      trans_amt = #{transAmt,jdbcType=DECIMAL},
      add_time = #{addTime,jdbcType=TIMESTAMP},
      t_desc = #{tDesc,jdbcType=VARCHAR}
    where id = #{id,jdbcType=INTEGER}
  </update>
  
  
  
  
  <select id="transList" parameterType="map" resultMap="BaseResultMap">
    SELECT
    <include refid="Base_Column_List"/>
    FROM site_amt_trans_log
    <where>
      <if test="userId != null and userId != '' ">
        and user_id = #{userId}
      </if>
      <if test="realName != null and realName != '' ">
        and real_name like CONCAT('%','${realName}','%')
      </if>
    </where>
    order by id desc
  </select>
  
  
  
  
</mapper>




