<?xml version="1.0" encoding="UTF-8" ?>
<!DOCTYPE mapper PUBLIC "-//mybatis.org//DTD Mapper 3.0//EN" "http://mybatis.org/dtd/mybatis-3-mapper.dtd" >
<mapper namespace="com.xc.dao.SiteLoginLogMapper" >
  <resultMap id="BaseResultMap" type="com.xc.pojo.SiteLoginLog" >
    <constructor >
      <idArg column="id" jdbcType="INTEGER" javaType="java.lang.Integer" />
      <arg column="user_id" jdbcType="INTEGER" javaType="java.lang.Integer" />
      <arg column="user_name" jdbcType="VARCHAR" javaType="java.lang.String" />
      <arg column="login_ip" jdbcType="VARCHAR" javaType="java.lang.String" />
      <arg column="login_address" jdbcType="VARCHAR" javaType="java.lang.String" />
      <arg column="add_time" jdbcType="TIMESTAMP" javaType="java.util.Date" />
    </constructor>
  </resultMap>
  <sql id="Base_Column_List" >
    id, user_id, user_name, login_ip, login_address, add_time
  </sql>
  <select id="selectByPrimaryKey" resultMap="BaseResultMap" parameterType="java.lang.Integer" >
    select 
    <include refid="Base_Column_List" />
    from site_login_log
    where id = #{id,jdbcType=INTEGER}
  </select>
  <delete id="deleteByPrimaryKey" parameterType="java.lang.Integer" >
    delete from site_login_log
    where id = #{id,jdbcType=INTEGER}
  </delete>
  <insert id="insert" parameterType="com.xc.pojo.SiteLoginLog" >
    insert into site_login_log (user_id, user_name,
      login_ip, login_address, add_time
      )
    values (#{userId,jdbcType=INTEGER}, #{userName,jdbcType=VARCHAR},
      #{loginIp,jdbcType=VARCHAR}, #{loginAddress,jdbcType=VARCHAR}, #{addTime,jdbcType=TIMESTAMP}
      )
  </insert>
  <insert id="insertSelective" parameterType="com.xc.pojo.SiteLoginLog" >
    insert into site_login_log
    <trim prefix="(" suffix=")" suffixOverrides="," >
      <if test="id != null" >
        id,
      </if>
      <if test="userId != null" >
        user_id,
      </if>
      <if test="userName != null" >
        user_name,
      </if>
      <if test="loginIp != null" >
        login_ip,
      </if>
      <if test="loginAddress != null" >
        login_address,
      </if>
      <if test="addTime != null" >
        add_time,
      </if>
    </trim>
    <trim prefix="values (" suffix=")" suffixOverrides="," >
      <if test="id != null" >
        #{id,jdbcType=INTEGER},
      </if>
      <if test="userId != null" >
        #{userId,jdbcType=INTEGER},
      </if>
      <if test="userName != null" >
        #{userName,jdbcType=VARCHAR},
      </if>
      <if test="loginIp != null" >
        #{loginIp,jdbcType=VARCHAR},
      </if>
      <if test="loginAddress != null" >
        #{loginAddress,jdbcType=VARCHAR},
      </if>
      <if test="addTime != null" >
        #{addTime,jdbcType=TIMESTAMP},
      </if>
    </trim>
  </insert>
  <update id="updateByPrimaryKeySelective" parameterType="com.xc.pojo.SiteLoginLog" >
    update site_login_log
    <set >
      <if test="userId != null" >
        user_id = #{userId,jdbcType=INTEGER},
      </if>
      <if test="userName != null" >
        user_name = #{userName,jdbcType=VARCHAR},
      </if>
      <if test="loginIp != null" >
        login_ip = #{loginIp,jdbcType=VARCHAR},
      </if>
      <if test="loginAddress != null" >
        login_address = #{loginAddress,jdbcType=VARCHAR},
      </if>
      <if test="addTime != null" >
        add_time = #{addTime,jdbcType=TIMESTAMP},
      </if>
    </set>
    where id = #{id,jdbcType=INTEGER}
  </update>
  <update id="updateByPrimaryKey" parameterType="com.xc.pojo.SiteLoginLog" >
    update site_login_log
    set user_id = #{userId,jdbcType=INTEGER},
      user_name = #{userName,jdbcType=VARCHAR},
      login_ip = #{loginIp,jdbcType=VARCHAR},
      login_address = #{loginAddress,jdbcType=VARCHAR},
      add_time = #{addTime,jdbcType=TIMESTAMP}
    where id = #{id,jdbcType=INTEGER}
  </update>



  <select id="loginList" parameterType="integer" resultMap="BaseResultMap">
    SELECT
    <include refid="Base_Column_List"/>
    FROM site_login_log
    <where>
      <if test="userId != null">
        and user_id = #{userId}
      </if>
    </where>
    order by id desc
  </select>


  <delete id="deleteByUserId" parameterType="integer">
    DELETE FROM site_login_log WHERE user_id = #{userId}
  </delete>




</mapper>

