<?xml version="1.0" encoding="UTF-8" ?>
<!DOCTYPE mapper PUBLIC "-//mybatis.org//DTD Mapper 3.0//EN" "http://mybatis.org/dtd/mybatis-3-mapper.dtd" >
<mapper namespace="com.xc.dao.UserBankMapper" >
  <resultMap id="BaseResultMap" type="com.xc.pojo.UserBank" >
    <constructor >
      <idArg column="id" jdbcType="INTEGER" javaType="java.lang.Integer" />
      <arg column="user_id" jdbcType="INTEGER" javaType="java.lang.Integer" />
      <arg column="bank_name" jdbcType="VARCHAR" javaType="java.lang.String" />
      <arg column="bank_no" jdbcType="VARCHAR" javaType="java.lang.String" />
      <arg column="bank_address" jdbcType="VARCHAR" javaType="java.lang.String" />
      <arg column="bank_img" jdbcType="VARCHAR" javaType="java.lang.String" />
      <arg column="bank_phone" jdbcType="VARCHAR" javaType="java.lang.String" />
      <arg column="add_time" jdbcType="TIMESTAMP" javaType="java.util.Date" />
    </constructor>
  </resultMap>
  <sql id="Base_Column_List" >
    id, user_id, bank_name, bank_no, bank_address, bank_img, bank_phone, add_time
  </sql>
  <select id="selectByPrimaryKey" resultMap="BaseResultMap" parameterType="java.lang.Integer" >
    select 
    <include refid="Base_Column_List" />
    from user_bank
    where id = #{id,jdbcType=INTEGER}
  </select>
  <delete id="deleteByPrimaryKey" parameterType="java.lang.Integer" >
    delete from user_bank
    where id = #{id,jdbcType=INTEGER}
  </delete>
  <insert id="insert" parameterType="com.xc.pojo.UserBank" >
    insert into user_bank (id, user_id, bank_name, 
      bank_no, bank_address, bank_img, 
      bank_phone, add_time)
    values (#{id,jdbcType=INTEGER}, #{userId,jdbcType=INTEGER}, #{bankName,jdbcType=VARCHAR}, 
      #{bankNo,jdbcType=VARCHAR}, #{bankAddress,jdbcType=VARCHAR}, #{bankImg,jdbcType=VARCHAR}, 
      #{bankPhone,jdbcType=VARCHAR}, #{addTime,jdbcType=TIMESTAMP})
  </insert>
  <insert id="insertSelective" parameterType="com.xc.pojo.UserBank" >
    insert into user_bank
    <trim prefix="(" suffix=")" suffixOverrides="," >
      <if test="id != null" >
        id,
      </if>
      <if test="userId != null" >
        user_id,
      </if>
      <if test="bankName != null" >
        bank_name,
      </if>
      <if test="bankNo != null" >
        bank_no,
      </if>
      <if test="bankAddress != null" >
        bank_address,
      </if>
      <if test="bankImg != null" >
        bank_img,
      </if>
      <if test="bankPhone != null" >
        bank_phone,
      </if>
      <if test="addTime != null" >
        add_time,
      </if>
    </trim>
    <trim prefix="values (" suffix=")" suffixOverrides="," >
      <if test="id != null" >
        #{id,jdbcType=INTEGER},
      </if>
      <if test="userId != null" >
        #{userId,jdbcType=INTEGER},
      </if>
      <if test="bankName != null" >
        #{bankName,jdbcType=VARCHAR},
      </if>
      <if test="bankNo != null" >
        #{bankNo,jdbcType=VARCHAR},
      </if>
      <if test="bankAddress != null" >
        #{bankAddress,jdbcType=VARCHAR},
      </if>
      <if test="bankImg != null" >
        #{bankImg,jdbcType=VARCHAR},
      </if>
      <if test="bankPhone != null" >
        #{bankPhone,jdbcType=VARCHAR},
      </if>
      <if test="addTime != null" >
        #{addTime,jdbcType=TIMESTAMP},
      </if>
    </trim>
  </insert>
  <update id="updateByPrimaryKeySelective" parameterType="com.xc.pojo.UserBank" >
    update user_bank
    <set >
      <if test="userId != null" >
        user_id = #{userId,jdbcType=INTEGER},
      </if>
      <if test="bankName != null" >
        bank_name = #{bankName,jdbcType=VARCHAR},
      </if>
      <if test="bankNo != null" >
        bank_no = #{bankNo,jdbcType=VARCHAR},
      </if>
      <if test="bankAddress != null" >
        bank_address = #{bankAddress,jdbcType=VARCHAR},
      </if>
      <if test="bankImg != null" >
        bank_img = #{bankImg,jdbcType=VARCHAR},
      </if>
      <if test="bankPhone != null" >
        bank_phone = #{bankPhone,jdbcType=VARCHAR},
      </if>
      <if test="addTime != null" >
        add_time = #{addTime,jdbcType=TIMESTAMP},
      </if>
    </set>
    where id = #{id,jdbcType=INTEGER}
  </update>
  <update id="updateByPrimaryKey" parameterType="com.xc.pojo.UserBank" >
    update user_bank
    set user_id = #{userId,jdbcType=INTEGER},
      bank_name = #{bankName,jdbcType=VARCHAR},
      bank_no = #{bankNo,jdbcType=VARCHAR},
      bank_address = #{bankAddress,jdbcType=VARCHAR},
      bank_img = #{bankImg,jdbcType=VARCHAR},
      bank_phone = #{bankPhone,jdbcType=VARCHAR},
      add_time = #{addTime,jdbcType=TIMESTAMP}
    where id = #{id,jdbcType=INTEGER}
  </update>




  <select id="findUserBankByUserId" parameterType="integer" resultMap="BaseResultMap">
    SELECT
    <include refid="Base_Column_List"/>
    FROM user_bank
    WHERE user_id = #{userId}
    limit 1
  </select>



</mapper>




